rule_id,category,description,triggered,TP,FP,FN,GT_precision,GT_recall,GT_duration_recall,lift
H_hand_spin,handling,verb == hand_spin,111,96,15,236,0.8648648648648649,0.2891566265060241,0.3285621236913594,35.19895799413872
S_place_prev_loosen,spatial,place/store; immediately preceding same-hand verb is loosen,96,62,34,627,0.6458333333333334,0.0899854862119013,0.020631941406415374,12.66545718432511
S_place_prev_tighten,spatial,place/store; immediately preceding same-hand verb is tighten,158,57,101,632,0.36075949367088606,0.08272859216255443,0.03084912716444872,7.074865425952122
S_all_place_store,spatial,all place/store,1591,323,1268,366,0.20301697045883094,0.46879535558780844,0.18900382438859178,3.981371995413242
T_null_5,temporal,null atomic duration >= 5s,229,149,80,790,0.6506550218340611,0.15867944621938232,0.3560022108247208,9.362780250289493
T_merged_null_5,temporal,null label-blind contiguous same-action duration >= 5s; evaluated per raw atom,239,153,86,786,0.6401673640167364,0.16293929712460065,0.3581892632367188,9.21186519978077
T_null_8,temporal,null atomic duration >= 8s,123,90,33,849,0.7317073170731707,0.09584664536741214,0.28996273690591523,10.529104652068884
T_merged_null_8,temporal,null label-blind contiguous same-action duration >= 8s; evaluated per raw atom,127,91,36,848,0.7165354330708661,0.09691160809371673,0.290456012314056,10.31078463434882
T_null_10,temporal,null atomic duration >= 10s,88,68,20,871,0.7727272727272727,0.0724174653887114,0.25570089681035046,11.119372640139414
T_merged_null_10,temporal,null label-blind contiguous same-action duration >= 10s; evaluated per raw atom,92,69,23,870,0.75,0.07348242811501597,0.2561941722184913,10.792332268370608
T_null_15,temporal,null atomic duration >= 15s,49,43,6,896,0.8775510204081632,0.04579339723109691,0.20096515573833823,12.627762926256764
T_merged_null_15,temporal,null label-blind contiguous same-action duration >= 15s; evaluated per raw atom,49,43,6,896,0.8775510204081632,0.04579339723109691,0.20096515573833823,12.627762926256764
T_null_20,temporal,null atomic duration >= 20s,28,25,3,914,0.8928571428571429,0.026624068157614485,0.14444649150437114,12.848014605203105
T_merged_null_20,temporal,null label-blind contiguous same-action duration >= 20s; evaluated per raw atom,28,25,3,914,0.8928571428571429,0.026624068157614485,0.14444649150437114,12.848014605203105
T_null_30,temporal,null atomic duration >= 30s,12,11,1,928,0.9166666666666666,0.011714589989350373,0.08577049024443877,13.19062832800852
T_merged_null_30,temporal,null label-blind contiguous same-action duration >= 30s; evaluated per raw atom,12,11,1,928,0.9166666666666666,0.011714589989350373,0.08577049024443877,13.19062832800852
P_reassembly_dismount,procedural,Reassembly and verb == dismount,22,16,6,295,0.7272727272727273,0.05144694533762058,0.02804250373567989,31.597778427360424
P_reassembly_reverse,procedural,Reassembly and dismount/extract/remove/loosen/hand_loosen/detach,101,46,55,265,0.45544554455445546,0.14790996784565916,0.0771542420720571,19.787717678520266
W_tool_pick_align,wrong_tool,pick_up/align with named tool noun,636,25,611,52,0.03930817610062893,0.3246753246753247,0.13510445049954586,6.897819161970105
W_tool_pick,wrong_tool,pick_up with named tool noun,636,25,611,52,0.03930817610062893,0.3246753246753247,0.13510445049954586,6.897819161970105
T_assembly_part_hold_0,temporal,Reassembly hold part >= 0s,1522,87,1435,852,0.05716162943495401,0.0926517571884984,0.14984874868509418,0.8225430638179964
T_assembly_part_hold_quiet_other_0,temporal,Reassembly hold part >= 0s; other-hand task-action overlap <= 10%,527,55,472,884,0.10436432637571158,0.058572949946751864,0.07851993605248928,1.501779316281805
T_assembly_part_hold_5,temporal,Reassembly hold part >= 5s,696,41,655,898,0.05890804597701149,0.043663471778487756,0.12886968614609273,0.847673607285814
T_assembly_part_hold_quiet_other_5,temporal,Reassembly hold part >= 5s; other-hand task-action overlap <= 10%,115,23,92,916,0.2,0.024494142705005325,0.06529064619078466,2.8779552715654955
T_assembly_part_hold_8,temporal,Reassembly hold part >= 8s,436,27,409,912,0.06192660550458716,0.02875399361022364,0.11307298693117324,0.8911100038104172
T_assembly_part_hold_quiet_other_8,temporal,Reassembly hold part >= 8s; other-hand task-action overlap <= 10%,49,15,34,924,0.30612244897959184,0.01597444089456869,0.05688713502077106,4.405033578926779
T_assembly_part_hold_15,temporal,Reassembly hold part >= 15s,214,15,199,924,0.07009345794392523,0.01597444089456869,0.09066164278540143,1.0086291839598698
T_assembly_part_hold_quiet_other_15,temporal,Reassembly hold part >= 15s; other-hand task-action overlap <= 10%,21,9,12,930,0.42857142857142855,0.009584664536741214,0.045636889868836295,6.167047010497489
T_tool_hold,temporal,hold named tool,143,20,123,919,0.13986013986013987,0.021299254526091587,0.012634982141052993,2.012556133961885
H_tool_hold,handling,hold named tool,143,2,141,330,0.013986013986013986,0.006024096385542169,0.003590322016934882,0.5692139186115089
H_tool_carried_finger,handling,finger action; inferred same-hand tool state refreshed <=60s before atom start; persistence unverified,104,9,95,323,0.08653846153846154,0.02710843373493976,0.04934309816194577,3.522011121408712
T_tool_carried_finger,temporal,finger action; inferred same-hand tool state refreshed <=60s before atom start; persistence unverified,104,8,96,931,0.07692307692307693,0.008519701810436636,0.012165479041738233,1.1069058736790367
H_opposite_tool_hold_finger,handling,finger action overlapping other-hand explicit tool hold,44,13,31,319,0.29545454545454547,0.0391566265060241,0.044132365323208425,12.024644030668128
T_opposite_tool_hold_finger,temporal,finger action overlapping other-hand explicit tool hold,44,1,43,938,0.022727272727272728,0.0010649627263045794,0.0011470139008575861,0.3270403717688063
W_inferred_tool_period,wrong_tool,all atoms with conservatively inferred same-hand named tool held,2563,47,2516,30,0.01833788529067499,0.6103896103896104,0.5692552225249772,3.217941636981824
H_carried_hand_spin,handling,inferred tool carried with hand_spin,7,6,1,326,0.8571428571428571,0.018072289156626505,0.04098686196323892,34.88468158347676
H_carried_hand_tighten,handling,inferred tool carried with hand_tighten,9,0,9,332,0.0,0.0,0.0,0.0
H_carried_hand_loosen,handling,inferred tool carried with hand_loosen,83,3,80,329,0.03614457831325301,0.009036144578313253,0.008356236198706849,1.4710407896646829
H_carried_thread,handling,inferred tool carried with thread,5,0,5,332,0.0,0.0,0.0,0.0
T_carried_hand_spin,temporal,inferred tool carried with hand_spin,7,3,4,936,0.42857142857142855,0.003194888178913738,0.007601195747133951,6.167047010497489
T_carried_hand_tighten,temporal,inferred tool carried with hand_tighten,9,0,9,939,0.0,0.0,0.0,0.0
T_carried_hand_loosen,temporal,inferred tool carried with hand_loosen,83,5,78,934,0.060240963855421686,0.005324813631522897,0.004564283294604281,0.8668539974594865
T_carried_thread,temporal,inferred tool carried with thread,5,0,5,939,0.0,0.0,0.0,0.0
