qa_id,event_id,kind,split,question,answer,machine_decision,human_decision,human_reason,edited_question,edited_answer
ER10WE06_Reassembly_A_004_ego__right__0059__open_0,ER10WE06_Reassembly_A_004_ego__right__0059,open,development,What did I do with the orange-handled screwdriver against the black component?,"I held the screwdriver against the component, maintaining a steady grip and applying pressure with the tip engaged.",revise,,,,
ER10WE06_Reassembly_A_004_ego__right__0059__category,ER10WE06_Reassembly_A_004_ego__right__0059,category,development,"For my right hand performing 'attach screw' in the specified interval, is the action normal, anomalous, or recovery? If anomalous, identify all applicable types: temporal, spatial, handling, wrong part, wrong tool, procedural.","{""phase"": ""normal"", ""anomaly_types"": []}",limited,,,,
KI03AR28_Disassembly_A_002_ego__right__0070__open_0,KI03AR28_Disassembly_A_002_ego__right__0070,open,development,How did I position the screwdriver tip relative to the motor housing?,I aligned the screwdriver tip with the central opening of the motor housing.,pass,,,,
KI03AR28_Disassembly_A_002_ego__right__0070__category,KI03AR28_Disassembly_A_002_ego__right__0070,category,development,"For my right hand performing 'align screw' in the specified interval, is the action normal, anomalous, or recovery? If anomalous, identify all applicable types: temporal, spatial, handling, wrong part, wrong tool, procedural.","{""phase"": ""normal"", ""anomaly_types"": []}",sufficient,,,,
KI03AR28_Disassembly_A_004_ego__right__0090__open_0,KI03AR28_Disassembly_A_004_ego__right__0090,open,development,What tool did I pick up with my right hand?,"I picked up an orange-handled screwdriver, lifting it off the table surface.",pass,,,,
KI03AR28_Disassembly_A_004_ego__right__0090__category,KI03AR28_Disassembly_A_004_ego__right__0090,category,development,"For my right hand performing 'pick up phillips screwdriver' in the specified interval, is the action normal, anomalous, or recovery? If anomalous, identify all applicable types: temporal, spatial, handling, wrong part, wrong tool, procedural.","{""phase"": ""normal"", ""anomaly_types"": []}",sufficient,,,,
KI05KO01_Disassembly_A_002_ego__right__0084__open_0,KI05KO01_Disassembly_A_002_ego__right__0084,open,development,What did I do to the silver metal ring to separate it from the black body?,"I rotated the ring counter-clockwise to loosen it, then pulled it away from the black body.",reject,,,,
KI05KO01_Disassembly_A_002_ego__right__0084__category,KI05KO01_Disassembly_A_002_ego__right__0084,category,development,"For my right hand performing 'extract bearing plate' in the specified interval, is the action normal, anomalous, or recovery? If anomalous, identify all applicable types: temporal, spatial, handling, wrong part, wrong tool, procedural.","{""phase"": ""normal"", ""anomaly_types"": []}",sufficient,,,,
KJ03JM25_Disassembly_A_003_ego__right__0028__open_0,KJ03JM25_Disassembly_A_003_ego__right__0028,open,development,What did I do with the small metallic component on the gray mat?,"I reached for it, made contact, lifted it off the mat, and held it steady above the workspace.",reject,,,,
KJ03JM25_Disassembly_A_003_ego__right__0028__category,KJ03JM25_Disassembly_A_003_ego__right__0028,category,development,"For my right hand performing 'pick up screw' in the specified interval, is the action normal, anomalous, or recovery? If anomalous, identify all applicable types: temporal, spatial, handling, wrong part, wrong tool, procedural.","{""phase"": ""anomaly"", ""anomaly_types"": [""temporal"", ""spatial"", ""handling""]}",sufficient,,,,
LE06AS03_Reassembly_A_001_ego__right__0346__open_0,LE06AS03_Reassembly_A_001_ego__right__0346,open,development,What did I do with the Torx screwdriver tip on the instruction sheet?,I made contact with the 'Schritt 3' image and traced the diagram with the tool tip.,pass,,,,
LE06AS03_Reassembly_A_001_ego__right__0346__category,LE06AS03_Reassembly_A_001_ego__right__0346,category,development,"For my right hand performing 'place torx screwdriver' in the specified interval, is the action normal, anomalous, or recovery? If anomalous, identify all applicable types: temporal, spatial, handling, wrong part, wrong tool, procedural.","{""phase"": ""anomaly"", ""anomaly_types"": [""temporal"", ""spatial"", ""procedural""]}",sufficient,,,,
LE06AS03_Reassembly_A_002_ego__right__0208__open_0,LE06AS03_Reassembly_A_002_ego__right__0208,open,development,What did I do with the screwdriver tip while holding it?,I touched the paper diagram with the screwdriver tip instead of physical tool parts.,pass,,,,
LE06AS03_Reassembly_A_002_ego__right__0208__category,LE06AS03_Reassembly_A_002_ego__right__0208,category,development,"For my right hand performing 'hold torx screwdriver' in the specified interval, is the action normal, anomalous, or recovery? If anomalous, identify all applicable types: temporal, spatial, handling, wrong part, wrong tool, procedural.","{""phase"": ""anomaly"", ""anomaly_types"": [""temporal"", ""spatial"", ""procedural""]}",sufficient,,,,
LE06AS03_Reassembly_A_004_ego__right__0080__open_0,LE06AS03_Reassembly_A_004_ego__right__0080,open,development,What did I do with the small black component held by my right hand?,I lowered it onto the table next to the motor and released it to rest there.,reject,,,,
LE06AS03_Reassembly_A_004_ego__right__0080__category,LE06AS03_Reassembly_A_004_ego__right__0080,category,development,"For my right hand performing 'place bevel gear' in the specified interval, is the action normal, anomalous, or recovery? If anomalous, identify all applicable types: temporal, spatial, handling, wrong part, wrong tool, procedural.","{""phase"": ""anomaly"", ""anomaly_types"": [""spatial"", ""wrong_part""]}",sufficient,,,,
LE06AS03_Reassembly_B_005_ego__right__0174__open_0,LE06AS03_Reassembly_B_005_ego__right__0174,open,development,What did I do with the small metal fastener after picking it up?,I guided it into a hole on the metal housing and rotated it inside the opening.,pass,,,,
LE06AS03_Reassembly_B_005_ego__right__0174__category,LE06AS03_Reassembly_B_005_ego__right__0174,category,development,"For my right hand performing 'insert bevel gear' in the specified interval, is the action normal, anomalous, or recovery? If anomalous, identify all applicable types: temporal, spatial, handling, wrong part, wrong tool, procedural.","{""phase"": ""anomaly"", ""anomaly_types"": [""wrong_part"", ""procedural""]}",limited,,,,
LE07UF17_Reassembly_A_002_ego__left__0018__open_0,LE07UF17_Reassembly_A_002_ego__left__0018,open,development,What did I do with the angle grinder body using my left hand?,I held the angle grinder body steady and maintained a continuous grip without releasing it.,pass,,,,
LE07UF17_Reassembly_A_002_ego__left__0018__category,LE07UF17_Reassembly_A_002_ego__left__0018,category,development,"For my left hand performing 'hold gearbox housing drive shaft' in the specified interval, is the action normal, anomalous, or recovery? If anomalous, identify all applicable types: temporal, spatial, handling, wrong part, wrong tool, procedural.","{""phase"": ""anomaly"", ""anomaly_types"": [""temporal"", ""wrong_part"", ""procedural""]}",sufficient,,,,
MA07LF04_Disassembly_A_001_ego__left__0110__open_0,MA07LF04_Disassembly_A_001_ego__left__0110,open,development,What did my left hand do to the silver cylindrical shaft during the task?,It gripped the shaft to stabilize the tool body and provided counter-torque.,revise,,,,
MA07LF04_Disassembly_A_001_ego__left__0110__category,MA07LF04_Disassembly_A_001_ego__left__0110,category,development,"For my left hand performing 'hand loosen M4 nut' in the specified interval, is the action normal, anomalous, or recovery? If anomalous, identify all applicable types: temporal, spatial, handling, wrong part, wrong tool, procedural.","{""phase"": ""recovery"", ""anomaly_types"": []}",limited,,,,
MA07LF04_Disassembly_A_003_ego__right__0088__open_0,MA07LF04_Disassembly_A_003_ego__right__0088,open,development,What did I do with the small black component on the white surface?,I grasped it with my right hand and lifted it vertically off the table.,revise,,,,
MA07LF04_Disassembly_A_003_ego__right__0088__category,MA07LF04_Disassembly_A_003_ego__right__0088,category,development,"For my right hand performing 'pick up screw' in the specified interval, is the action normal, anomalous, or recovery? If anomalous, identify all applicable types: temporal, spatial, handling, wrong part, wrong tool, procedural.","{""phase"": ""recovery"", ""anomaly_types"": []}",sufficient,,,,
MA07LF04_Disassembly_B_005_ego__left__0044__open_0,MA07LF04_Disassembly_B_005_ego__left__0044,open,development,What did my left hand do to the gear shaft during the sequence?,"I maintained a static grip on the gear shaft, keeping it stationary while the motor body rotated relative to it.",revise,,,,
MA07LF04_Disassembly_B_005_ego__left__0044__category,MA07LF04_Disassembly_B_005_ego__left__0044,category,development,"For my left hand performing 'hand spin drive shaft' in the specified interval, is the action normal, anomalous, or recovery? If anomalous, identify all applicable types: temporal, spatial, handling, wrong part, wrong tool, procedural.","{""phase"": ""anomaly"", ""anomaly_types"": [""temporal"", ""spatial"", ""handling""]}",sufficient,,,,
MA07LF04_Reassembly_A_001_ego__left__0134__open_0,MA07LF04_Reassembly_A_001_ego__left__0134,open,development,How did I stabilize the black motor housing with my left hand?,I held the housing steady against the table and pressed my thumb against its side to maintain alignment.,pass,,,,
MA07LF04_Reassembly_A_001_ego__left__0134__category,MA07LF04_Reassembly_A_001_ego__left__0134,category,development,"For my left hand performing 'attach lever' in the specified interval, is the action normal, anomalous, or recovery? If anomalous, identify all applicable types: temporal, spatial, handling, wrong part, wrong tool, procedural.","{""phase"": ""recovery"", ""anomaly_types"": []}",limited,,,,
MA07LF04_Reassembly_B_005_ego__left__0101__open_0,MA07LF04_Reassembly_B_005_ego__left__0101,open,development,What did I do with the black circular housing after pulling it away from the motor body?,I placed the detached black housing on the white surface to the left of the motor.,pass,,,,
MA07LF04_Reassembly_B_005_ego__left__0101__category,MA07LF04_Reassembly_B_005_ego__left__0101,category,development,"For my left hand performing 'dismount adapter plate' in the specified interval, is the action normal, anomalous, or recovery? If anomalous, identify all applicable types: temporal, spatial, handling, wrong part, wrong tool, procedural.","{""phase"": ""anomaly"", ""anomaly_types"": [""temporal"", ""spatial"", ""handling"", ""procedural""]}",sufficient,,,,
NA07GE21_Disassembly_A_002_ego__left__0038__open_0,NA07GE21_Disassembly_A_002_ego__left__0038,open,development,What did I do with the motor shaft assembly using my left hand?,I pulled the shaft assembly outward from the motor housing until it was fully extracted.,pass,,,,
NA07GE21_Disassembly_A_002_ego__left__0038__category,NA07GE21_Disassembly_A_002_ego__left__0038,category,development,"For my left hand performing 'extract drive shaft' in the specified interval, is the action normal, anomalous, or recovery? If anomalous, identify all applicable types: temporal, spatial, handling, wrong part, wrong tool, procedural.","{""phase"": ""normal"", ""anomaly_types"": []}",sufficient,,,,
NA07GE21_Reassembly_A_001_ego__left__0049__open_0,NA07GE21_Reassembly_A_001_ego__left__0049,open,development,What did I do with the small metallic fastener on the instruction sheet?,I closed my left fingertips around it and lifted it from the paper surface.,reject,,,,
NA07GE21_Reassembly_A_001_ego__left__0049__category,NA07GE21_Reassembly_A_001_ego__left__0049,category,development,"For my left hand performing 'pick up M4 nut' in the specified interval, is the action normal, anomalous, or recovery? If anomalous, identify all applicable types: temporal, spatial, handling, wrong part, wrong tool, procedural.","{""phase"": ""recovery"", ""anomaly_types"": []}",sufficient,,,,
SS07EL13_Disassembly_A_002_ego__right__0051__open_0,SS07EL13_Disassembly_A_002_ego__right__0051,open,development,What did I do with the screwdriver to loosen the fastener?,I inserted the screwdriver into the motor housing and rotated the handle with my fingertips.,reject,,,,
SS07EL13_Disassembly_A_002_ego__right__0051__category,SS07EL13_Disassembly_A_002_ego__right__0051,category,development,"For my right hand performing 'hand loosen screw' in the specified interval, is the action normal, anomalous, or recovery? If anomalous, identify all applicable types: temporal, spatial, handling, wrong part, wrong tool, procedural.","{""phase"": ""anomaly"", ""anomaly_types"": [""temporal"", ""handling"", ""wrong_tool""]}",sufficient,,,,
SS07EL13_Reassembly_A_001_ego__right__0132__open_0,SS07EL13_Reassembly_A_001_ego__right__0132,open,development,What did I do to the fastener on the tool body?,I rotated the fastener counter-clockwise until it visibly loosened and moved outward.,reject,,,,
SS07EL13_Reassembly_A_001_ego__right__0132__category,SS07EL13_Reassembly_A_001_ego__right__0132,category,development,"For my right hand performing 'hand loosen screw' in the specified interval, is the action normal, anomalous, or recovery? If anomalous, identify all applicable types: temporal, spatial, handling, wrong part, wrong tool, procedural.","{""phase"": ""recovery"", ""anomaly_types"": []}",sufficient,,,,
TO08CO25_Disassembly_B_005_ego__left__0009__open_0,TO08CO25_Disassembly_B_005_ego__left__0009,open,development,What object did I grasp and lift with my left hand?,I grasped the handle of the orange and yellow screwdriver and lifted it off the table.,pass,,,,
TO08CO25_Disassembly_B_005_ego__left__0009__category,TO08CO25_Disassembly_B_005_ego__left__0009,category,development,"For my left hand performing 'pick up phillips screwdriver' in the specified interval, is the action normal, anomalous, or recovery? If anomalous, identify all applicable types: temporal, spatial, handling, wrong part, wrong tool, procedural.","{""phase"": ""anomaly"", ""anomaly_types"": [""spatial"", ""wrong_tool""]}",sufficient,,,,
AL07EJ17_Disassembly_A_001_ego__right__0054__open_0,AL07EJ17_Disassembly_A_001_ego__right__0054,open,pilot,Where did I place the screwdriver with my right hand?,I placed the screwdriver onto the printed instruction sheet.,pass,,,,
AL07EJ17_Disassembly_A_001_ego__right__0054__category,AL07EJ17_Disassembly_A_001_ego__right__0054,category,pilot,"For my right hand performing 'store screw' in the specified interval, is the action normal, anomalous, or recovery? If anomalous, identify all applicable types: temporal, spatial, handling, wrong part, wrong tool, procedural.","{""phase"": ""anomaly"", ""anomaly_types"": [""temporal"", ""spatial""]}",sufficient,,,,
AL07EJ17_Disassembly_A_004_ego__left__0001__open_0,AL07EJ17_Disassembly_A_004_ego__left__0001,open,pilot,What did I do with the black tool handle held in my left hand?,"I moved it toward the leftmost orange bin, lowered it inside, and withdrew, leaving it stored.",revise,,,,
AL07EJ17_Disassembly_A_004_ego__left__0001__category,AL07EJ17_Disassembly_A_004_ego__left__0001,category,pilot,"For my left hand performing 'store anti vibration handle' in the specified interval, is the action normal, anomalous, or recovery? If anomalous, identify all applicable types: temporal, spatial, handling, wrong part, wrong tool, procedural.","{""phase"": ""normal"", ""anomaly_types"": []}",sufficient,,,,
AL07EJ17_Disassembly_B_005_ego__right__0085__open_0,AL07EJ17_Disassembly_B_005_ego__right__0085,open,pilot,What did I do with the orange-handled screwdriver on the table?,"I grasped the screwdriver, lifted it off the table, and positioned its tip against a metal component.",pass,,,,
AL07EJ17_Disassembly_B_005_ego__right__0085__category,AL07EJ17_Disassembly_B_005_ego__right__0085,category,pilot,"For my right hand performing 'pick up phillips screwdriver' in the specified interval, is the action normal, anomalous, or recovery? If anomalous, identify all applicable types: temporal, spatial, handling, wrong part, wrong tool, procedural.","{""phase"": ""recovery"", ""anomaly_types"": []}",sufficient,,,,
AL07EJ17_Reassembly_A_004_ego__right__0060__open_0,AL07EJ17_Reassembly_A_004_ego__right__0060,open,pilot,What tool did I hold with my right hand?,I held a screwdriver with a black and green handle.,pass,,,,
AL07EJ17_Reassembly_A_004_ego__right__0060__open_1,AL07EJ17_Reassembly_A_004_ego__right__0060,open,pilot,Where did I position the screwdriver tip?,I positioned the tip over a dark circular object held by the left hand.,pass,,,,
AL07EJ17_Reassembly_A_004_ego__right__0060__category,AL07EJ17_Reassembly_A_004_ego__right__0060,category,pilot,"For my right hand performing 'hold torx screwdriver' in the specified interval, is the action normal, anomalous, or recovery? If anomalous, identify all applicable types: temporal, spatial, handling, wrong part, wrong tool, procedural.","{""phase"": ""anomaly"", ""anomaly_types"": [""temporal"", ""procedural""]}",sufficient,,,,
ER07AD15_Disassembly_A_002_ego__right__0057__open_0,ER07AD15_Disassembly_A_002_ego__right__0057,open,pilot,Where was my right hand positioned during the interval?,It was positioned over the fourth orange bin adjacent to the blue bin.,pass,,,,
ER07AD15_Disassembly_A_002_ego__right__0057__category,ER07AD15_Disassembly_A_002_ego__right__0057,category,pilot,"For my right hand performing 'store M4 nut' in the specified interval, is the action normal, anomalous, or recovery? If anomalous, identify all applicable types: temporal, spatial, handling, wrong part, wrong tool, procedural.","{""phase"": ""normal"", ""anomaly_types"": []}",limited,,,,
ER07AD15_Reassembly_A_001_ego__left__0002__open_0,ER07AD15_Reassembly_A_001_ego__left__0002,open,pilot,What did I do with the brass-colored drive shaft using my left hand?,I gripped and rotated the brass-colored drive shaft while applying continuous rotational force.,pass,,,,
ER07AD15_Reassembly_A_001_ego__left__0002__category,ER07AD15_Reassembly_A_001_ego__left__0002,category,pilot,"For my left hand performing 'hand spin drive shaft' in the specified interval, is the action normal, anomalous, or recovery? If anomalous, identify all applicable types: temporal, spatial, handling, wrong part, wrong tool, procedural.","{""phase"": ""anomaly"", ""anomaly_types"": [""handling"", ""wrong_part""]}",sufficient,,,,
ER07AD15_Reassembly_A_002_ego__right__0046__open_0,ER07AD15_Reassembly_A_002_ego__right__0046,open,pilot,What did I do with the small black component using my right hand?,I inserted it into the silver flange of the motor housing.,pass,,,,
ER07AD15_Reassembly_A_002_ego__right__0046__open_1,ER07AD15_Reassembly_A_002_ego__right__0046,open,pilot,How did I adjust the component after inserting it?,I rotated the internal component slightly within the assembly.,pass,,,,
ER07AD15_Reassembly_A_002_ego__right__0046__category,ER07AD15_Reassembly_A_002_ego__right__0046,category,pilot,"For my right hand performing 'insert bevel gear' in the specified interval, is the action normal, anomalous, or recovery? If anomalous, identify all applicable types: temporal, spatial, handling, wrong part, wrong tool, procedural.","{""phase"": ""normal"", ""anomaly_types"": []}",sufficient,,,,
ER10WE06_Disassembly_A_001_ego__left__0002__category,ER10WE06_Disassembly_A_001_ego__left__0002,category,pilot,"For my left hand performing 'extract drive shaft' in the specified interval, is the action normal, anomalous, or recovery? If anomalous, identify all applicable types: temporal, spatial, handling, wrong part, wrong tool, procedural.","{""phase"": ""anomaly"", ""anomaly_types"": [""handling"", ""wrong_part""]}",insufficient,,,,
ER10WE06_Disassembly_A_003_ego__left__0026__open_0,ER10WE06_Disassembly_A_003_ego__left__0026,open,pilot,What did I do with the tool inside the motor housing?,I rotated the tool inside the housing to spin the internal fan.,reject,,,,
ER10WE06_Disassembly_A_003_ego__left__0026__category,ER10WE06_Disassembly_A_003_ego__left__0026,category,pilot,"For my left hand performing 'hand spin drive shaft' in the specified interval, is the action normal, anomalous, or recovery? If anomalous, identify all applicable types: temporal, spatial, handling, wrong part, wrong tool, procedural.","{""phase"": ""anomaly"", ""anomaly_types"": [""handling""]}",sufficient,,,,
ER10WE06_Disassembly_A_004_ego__right__0043__open_0,ER10WE06_Disassembly_A_004_ego__right__0043,open,pilot,What did I do with the orange-handled screwdriver after grasping it?,I lifted the screwdriver off the table surface and moved it towards the angle grinder.,pass,,,,
ER10WE06_Disassembly_A_004_ego__right__0043__category,ER10WE06_Disassembly_A_004_ego__right__0043,category,pilot,"For my right hand performing 'pick up phillips screwdriver' in the specified interval, is the action normal, anomalous, or recovery? If anomalous, identify all applicable types: temporal, spatial, handling, wrong part, wrong tool, procedural.","{""phase"": ""normal"", ""anomaly_types"": []}",sufficient,,,,
ER10WE06_Reassembly_A_001_ego__right__0073__open_0,ER10WE06_Reassembly_A_001_ego__right__0073,open,pilot,What did I do to the black circular component with my right hand?,I rotated it to expose the threaded stud and flipped it to reveal the flat side with internal teeth.,revise,,,,
ER10WE06_Reassembly_A_001_ego__right__0073__category,ER10WE06_Reassembly_A_001_ego__right__0073,category,pilot,"For my right hand performing 'flip bearing plate' in the specified interval, is the action normal, anomalous, or recovery? If anomalous, identify all applicable types: temporal, spatial, handling, wrong part, wrong tool, procedural.","{""phase"": ""recovery"", ""anomaly_types"": []}",sufficient,,,,
ER10WE06_Reassembly_A_002_ego__right__0096__open_0,ER10WE06_Reassembly_A_002_ego__right__0096,open,pilot,What motion did I perform with the screwdriver handle using my right hand?,I rotated the green-handled screwdriver clockwise while applying torque to the black component.,pass,,,,
ER10WE06_Reassembly_A_002_ego__right__0096__category,ER10WE06_Reassembly_A_002_ego__right__0096,category,pilot,"For my right hand performing 'tighten screw' in the specified interval, is the action normal, anomalous, or recovery? If anomalous, identify all applicable types: temporal, spatial, handling, wrong part, wrong tool, procedural.","{""phase"": ""normal"", ""anomaly_types"": []}",sufficient,,,,
ER10WE06_Reassembly_A_003_ego__right__0074__open_0,ER10WE06_Reassembly_A_003_ego__right__0074,open,pilot,How did my right hand contact the angle grinder housing during the interval?,"My right hand held the housing steady, with fingertips contacting the edge to maintain alignment.",reject,,,,
ER10WE06_Reassembly_A_003_ego__right__0074__category,ER10WE06_Reassembly_A_003_ego__right__0074,category,pilot,"For my right hand performing 'align screw' in the specified interval, is the action normal, anomalous, or recovery? If anomalous, identify all applicable types: temporal, spatial, handling, wrong part, wrong tool, procedural.","{""phase"": ""recovery"", ""anomaly_types"": []}",limited,,,,
ER10WE06_Reassembly_B_005_ego__right__0081__open_0,ER10WE06_Reassembly_B_005_ego__right__0081,open,pilot,What did I do with the small dark fastener?,I lifted it from the mat and pressed it into the silver component's center.,pass,,,,
ER10WE06_Reassembly_B_005_ego__right__0081__category,ER10WE06_Reassembly_B_005_ego__right__0081,category,pilot,"For my right hand performing 'pick up screw' in the specified interval, is the action normal, anomalous, or recovery? If anomalous, identify all applicable types: temporal, spatial, handling, wrong part, wrong tool, procedural.","{""phase"": ""recovery"", ""anomaly_types"": []}",sufficient,,,,
KE03ER16_Disassembly_A_001_ego__right__0068__open_0,KE03ER16_Disassembly_A_001_ego__right__0068,open,pilot,What did I do with the small metallic tool?,I placed it on the gray circular mat and released it.,reject,,,,
KE03ER16_Disassembly_A_001_ego__right__0068__category,KE03ER16_Disassembly_A_001_ego__right__0068,category,pilot,"For my right hand performing 'place combination wrench' in the specified interval, is the action normal, anomalous, or recovery? If anomalous, identify all applicable types: temporal, spatial, handling, wrong part, wrong tool, procedural.","{""phase"": ""anomaly"", ""anomaly_types"": [""temporal"", ""spatial""]}",sufficient,,,,
KE03ER16_Disassembly_A_003_ego__right__0058__open_0,KE03ER16_Disassembly_A_003_ego__right__0058,open,pilot,What did I do with the angle grinder component?,I lowered it into the blue bin labeled 'Box 5' and released it.,pass,,,,
KE03ER16_Disassembly_A_003_ego__right__0058__category,KE03ER16_Disassembly_A_003_ego__right__0058,category,pilot,"For my right hand performing 'store gearbox housing' in the specified interval, is the action normal, anomalous, or recovery? If anomalous, identify all applicable types: temporal, spatial, handling, wrong part, wrong tool, procedural.","{""phase"": ""normal"", ""anomaly_types"": []}",sufficient,,,,
KE03ER16_Reassembly_A_001_ego__left__0040__open_0,KE03ER16_Reassembly_A_001_ego__left__0040,open,pilot,What did I do with the black motor housing while the right hand rotated the screwdriver?,I held the black motor housing steady on the table to stabilize it during the fastening motion.,pass,,,,
KE03ER16_Reassembly_A_001_ego__left__0040__category,KE03ER16_Reassembly_A_001_ego__left__0040,category,pilot,"For my left hand performing 'hold gearbox housing drive shaft' in the specified interval, is the action normal, anomalous, or recovery? If anomalous, identify all applicable types: temporal, spatial, handling, wrong part, wrong tool, procedural.","{""phase"": ""normal"", ""anomaly_types"": []}",sufficient,,,,
KE03ER16_Reassembly_A_002_ego__left__0039__open_0,KE03ER16_Reassembly_A_002_ego__left__0039,open,pilot,What did I do with the angle grinder body using my left hand?,I held the black angle grinder body steady on the mat without releasing it.,pass,,,,
KE03ER16_Reassembly_A_002_ego__left__0039__category,KE03ER16_Reassembly_A_002_ego__left__0039,category,pilot,"For my left hand performing 'hold gearbox housing drive shaft' in the specified interval, is the action normal, anomalous, or recovery? If anomalous, identify all applicable types: temporal, spatial, handling, wrong part, wrong tool, procedural.","{""phase"": ""anomaly"", ""anomaly_types"": [""temporal"", ""handling""]}",sufficient,,,,
KE03ER16_Reassembly_A_003_ego__right__0056__open_0,KE03ER16_Reassembly_A_003_ego__right__0056,open,pilot,What object did I grasp with my right hand from the table?,I grasped an orange-handled tool from the table surface.,reject,,,,
KE03ER16_Reassembly_A_003_ego__right__0056__category,KE03ER16_Reassembly_A_003_ego__right__0056,category,pilot,"For my right hand performing 'pick up phillips screwdriver' in the specified interval, is the action normal, anomalous, or recovery? If anomalous, identify all applicable types: temporal, spatial, handling, wrong part, wrong tool, procedural.","{""phase"": ""normal"", ""anomaly_types"": []}",sufficient,,,,
KI03AR28_Disassembly_A_001_ego__right__0097__open_0,KI03AR28_Disassembly_A_001_ego__right__0097,open,pilot,Where did I place the small black component with my right hand?,I placed it into the bin labeled 'Box 4'.,pass,,,,
KI03AR28_Disassembly_A_001_ego__right__0097__category,KI03AR28_Disassembly_A_001_ego__right__0097,category,pilot,"For my right hand performing 'store M6 nut' in the specified interval, is the action normal, anomalous, or recovery? If anomalous, identify all applicable types: temporal, spatial, handling, wrong part, wrong tool, procedural.","{""phase"": ""recovery"", ""anomaly_types"": []}",sufficient,,,,
KI03AR28_Disassembly_B_005_ego__right__0098__open_0,KI03AR28_Disassembly_B_005_ego__right__0098,open,pilot,What did I do with the green-handled tool?,I grasped the green-handled screwdriver and lifted it from the table.,revise,,,,
KI03AR28_Disassembly_B_005_ego__right__0098__category,KI03AR28_Disassembly_B_005_ego__right__0098,category,pilot,"For my right hand performing 'pick up flat head screwdriver' in the specified interval, is the action normal, anomalous, or recovery? If anomalous, identify all applicable types: temporal, spatial, handling, wrong part, wrong tool, procedural.","{""phase"": ""anomaly"", ""anomaly_types"": [""temporal"", ""wrong_tool""]}",sufficient,,,,
KI03AR28_Reassembly_A_001_ego__left__0045__open_0,KI03AR28_Reassembly_A_001_ego__left__0045,open,pilot,What did my left hand do with the motor housing during the interval?,It remained stationary on the table surface near the housing without grasping or moving it.,pass,,,,
KI03AR28_Reassembly_A_001_ego__left__0045__category,KI03AR28_Reassembly_A_001_ego__left__0045,category,pilot,"For my left hand performing 'place spring' in the specified interval, is the action normal, anomalous, or recovery? If anomalous, identify all applicable types: temporal, spatial, handling, wrong part, wrong tool, procedural.","{""phase"": ""anomaly"", ""anomaly_types"": [""temporal"", ""spatial""]}",sufficient,,,,
KI03AR28_Reassembly_A_003_ego__left__0007__open_0,KI03AR28_Reassembly_A_003_ego__left__0007,open,pilot,What did I do with my left hand while the right hand rotated the component?,I gripped the cylindrical motor shaft to stabilize the assembly.,pass,,,,
KI03AR28_Reassembly_A_003_ego__left__0007__category,KI03AR28_Reassembly_A_003_ego__left__0007,category,pilot,"For my left hand performing 'hand spin drive shaft' in the specified interval, is the action normal, anomalous, or recovery? If anomalous, identify all applicable types: temporal, spatial, handling, wrong part, wrong tool, procedural.","{""phase"": ""anomaly"", ""anomaly_types"": [""temporal"", ""handling""]}",sufficient,,,,
KI03AR28_Reassembly_A_004_ego__right__0069__open_0,KI03AR28_Reassembly_A_004_ego__right__0069,open,pilot,How did I manipulate the fastener while inserting it into the housing?,I rotated the fastener with my fingertips while pushing it deeper into the central hole.,reject,,,,
KI03AR28_Reassembly_A_004_ego__right__0069__category,KI03AR28_Reassembly_A_004_ego__right__0069,category,pilot,"For my right hand performing 'thread M4 nut' in the specified interval, is the action normal, anomalous, or recovery? If anomalous, identify all applicable types: temporal, spatial, handling, wrong part, wrong tool, procedural.","{""phase"": ""normal"", ""anomaly_types"": []}",sufficient,,,,
KI03AR28_Reassembly_B_005_ego__left__0021__open_0,KI03AR28_Reassembly_B_005_ego__left__0021,open,pilot,What object did I hold with my left hand?,I held a carburetor body with my left hand.,revise,,,,
KI03AR28_Reassembly_B_005_ego__left__0021__open_1,KI03AR28_Reassembly_B_005_ego__left__0021,open,pilot,How did I use my left hand while the right hand worked?,I stabilized the object on the work surface.,pass,,,,
KI03AR28_Reassembly_B_005_ego__left__0021__category,KI03AR28_Reassembly_B_005_ego__left__0021,category,pilot,"For my left hand performing 'hold gearbox housing drive shaft' in the specified interval, is the action normal, anomalous, or recovery? If anomalous, identify all applicable types: temporal, spatial, handling, wrong part, wrong tool, procedural.","{""phase"": ""normal"", ""anomaly_types"": []}",sufficient,,,,
KI05KO01_Disassembly_A_001_ego__right__0156__open_0,KI05KO01_Disassembly_A_001_ego__right__0156,open,pilot,What did I do with the orange-handled screwdriver on the table?,"I grasped the screwdriver, lifted it off the table, and moved it vertically away from the instruction sheet.",reject,,,,
KI05KO01_Disassembly_A_001_ego__right__0156__category,KI05KO01_Disassembly_A_001_ego__right__0156,category,pilot,"For my right hand performing 'pick up phillips screwdriver' in the specified interval, is the action normal, anomalous, or recovery? If anomalous, identify all applicable types: temporal, spatial, handling, wrong part, wrong tool, procedural.","{""phase"": ""recovery"", ""anomaly_types"": []}",sufficient,,,,
KI05KO01_Disassembly_A_003_ego__left__0028__open_0,KI05KO01_Disassembly_A_003_ego__left__0028,open,pilot,What did I do with the black circular object after lifting it from the bin?,I placed the black circular object back into the bin.,revise,,,,
KI05KO01_Disassembly_A_003_ego__left__0028__category,KI05KO01_Disassembly_A_003_ego__left__0028,category,pilot,"For my left hand performing 'store adapter plate' in the specified interval, is the action normal, anomalous, or recovery? If anomalous, identify all applicable types: temporal, spatial, handling, wrong part, wrong tool, procedural.","{""phase"": ""recovery"", ""anomaly_types"": []}",limited,,,,
KI05KO01_Disassembly_B_005_ego__left__0032__open_0,KI05KO01_Disassembly_B_005_ego__left__0032,open,pilot,What did I do with the silver cylindrical component using my left hand?,I lowered it into the blue bin labeled 'Box 5' and released it inside.,pass,,,,
KI05KO01_Disassembly_B_005_ego__left__0032__category,KI05KO01_Disassembly_B_005_ego__left__0032,category,pilot,"For my left hand performing 'store gearbox housing' in the specified interval, is the action normal, anomalous, or recovery? If anomalous, identify all applicable types: temporal, spatial, handling, wrong part, wrong tool, procedural.","{""phase"": ""recovery"", ""anomaly_types"": []}",sufficient,,,,
KI05KO01_Reassembly_A_001_ego__left__0011__open_0,KI05KO01_Reassembly_A_001_ego__left__0011,open,pilot,What did I do with the drive shaft while the right hand manipulated the housing?,I held the drive shaft steady to support the assembly during the housing adjustment.,pass,,,,
KI05KO01_Reassembly_A_001_ego__left__0011__category,KI05KO01_Reassembly_A_001_ego__left__0011,category,pilot,"For my left hand performing 'hold drive shaft' in the specified interval, is the action normal, anomalous, or recovery? If anomalous, identify all applicable types: temporal, spatial, handling, wrong part, wrong tool, procedural.","{""phase"": ""recovery"", ""anomaly_types"": []}",sufficient,,,,
KI05KO01_Reassembly_A_003_ego__right__0084__open_0,KI05KO01_Reassembly_A_003_ego__right__0084,open,pilot,How did I tighten the black collar on the silver tool shaft?,I rotated the collar clockwise with my fingertips while maintaining a firm grip.,revise,,,,
KI05KO01_Reassembly_A_003_ego__right__0084__category,KI05KO01_Reassembly_A_003_ego__right__0084,category,pilot,"For my right hand performing 'hand tighten M4 nut' in the specified interval, is the action normal, anomalous, or recovery? If anomalous, identify all applicable types: temporal, spatial, handling, wrong part, wrong tool, procedural.","{""phase"": ""normal"", ""anomaly_types"": []}",sufficient,,,,
KI05KO01_Reassembly_B_005_ego__left__0019__open_0,KI05KO01_Reassembly_B_005_ego__left__0019,open,pilot,What did I do with the angle grinder handle using my left hand?,I maintained a steady grip on the handle throughout the interval.,pass,,,,
KI05KO01_Reassembly_B_005_ego__left__0019__open_1,KI05KO01_Reassembly_B_005_ego__left__0019,open,pilot,Did any parts of the angle grinder detach during this sequence?,No parts were detached or removed; the tool remained assembled.,pass,,,,
KI05KO01_Reassembly_B_005_ego__left__0019__category,KI05KO01_Reassembly_B_005_ego__left__0019,category,pilot,"For my left hand performing 'dismount gearbox housing' in the specified interval, is the action normal, anomalous, or recovery? If anomalous, identify all applicable types: temporal, spatial, handling, wrong part, wrong tool, procedural.","{""phase"": ""anomaly"", ""anomaly_types"": [""procedural""]}",sufficient,,,,
KJ03JM25_Disassembly_A_004_ego__left__0015__open_0,KJ03JM25_Disassembly_A_004_ego__left__0015,open,pilot,What did I do with the cylindrical tool body while the right hand used a wrench?,I held the cylindrical tool body steady to stabilize it during the wrenching action.,pass,,,,
KJ03JM25_Disassembly_A_004_ego__left__0015__category,KJ03JM25_Disassembly_A_004_ego__left__0015,category,pilot,"For my left hand performing 'hold gearbox housing drive shaft' in the specified interval, is the action normal, anomalous, or recovery? If anomalous, identify all applicable types: temporal, spatial, handling, wrong part, wrong tool, procedural.","{""phase"": ""anomaly"", ""anomaly_types"": [""procedural""]}",sufficient,,,,
KJ03JM25_Reassembly_A_002_ego__left__0006__open_0,KJ03JM25_Reassembly_A_002_ego__left__0006,open,pilot,What did I do with the cylindrical metal body of the tool?,I held the cylindrical metal body steady and maintained a firm grip on it.,revise,,,,
KJ03JM25_Reassembly_A_002_ego__left__0006__category,KJ03JM25_Reassembly_A_002_ego__left__0006,category,pilot,"For my left hand performing 'hold gearbox housing drive shaft' in the specified interval, is the action normal, anomalous, or recovery? If anomalous, identify all applicable types: temporal, spatial, handling, wrong part, wrong tool, procedural.","{""phase"": ""normal"", ""anomaly_types"": []}",sufficient,,,,
KJ03JM25_Reassembly_A_003_ego__right__0063__open_0,KJ03JM25_Reassembly_A_003_ego__right__0063,open,pilot,What did I do with the top screwdriver in the group?,I grasped its handle and lifted it off the table surface.,revise,,,,
KJ03JM25_Reassembly_A_003_ego__right__0063__category,KJ03JM25_Reassembly_A_003_ego__right__0063,category,pilot,"For my right hand performing 'pick up combination wrench' in the specified interval, is the action normal, anomalous, or recovery? If anomalous, identify all applicable types: temporal, spatial, handling, wrong part, wrong tool, procedural.","{""phase"": ""anomaly"", ""anomaly_types"": [""temporal"", ""wrong_tool""]}",sufficient,,,,
LE06AS03_Disassembly_A_001_ego__right__0032__open_0,LE06AS03_Disassembly_A_001_ego__right__0032,open,pilot,What did I do with the screwdriver to loosen the fastener?,I rotated the screwdriver handle to loosen the fastener.,reject,,,,
LE06AS03_Disassembly_A_001_ego__right__0032__category,LE06AS03_Disassembly_A_001_ego__right__0032,category,pilot,"For my right hand performing 'hand loosen screw' in the specified interval, is the action normal, anomalous, or recovery? If anomalous, identify all applicable types: temporal, spatial, handling, wrong part, wrong tool, procedural.","{""phase"": ""anomaly"", ""anomaly_types"": [""temporal"", ""spatial""]}",sufficient,,,,
LE06AS03_Disassembly_A_002_ego__right__0077__open_0,LE06AS03_Disassembly_A_002_ego__right__0077,open,pilot,What tool did I hold with my right hand?,I held a screwdriver with a green and black handle.,pass,,,,
LE06AS03_Disassembly_A_002_ego__right__0077__category,LE06AS03_Disassembly_A_002_ego__right__0077,category,pilot,"For my right hand performing 'hold torx screwdriver' in the specified interval, is the action normal, anomalous, or recovery? If anomalous, identify all applicable types: temporal, spatial, handling, wrong part, wrong tool, procedural.","{""phase"": ""anomaly"", ""anomaly_types"": [""temporal"", ""wrong_tool""]}",sufficient,,,,
LE06AS03_Disassembly_A_004_ego__left__0009__open_0,LE06AS03_Disassembly_A_004_ego__left__0009,open,pilot,What did my left hand do with the angle grinder during the interval?,It maintained a static grip on the angle grinder body to stabilize the tool.,pass,,,,
LE06AS03_Disassembly_A_004_ego__left__0009__category,LE06AS03_Disassembly_A_004_ego__left__0009,category,pilot,"For my left hand performing 'pick up screw' in the specified interval, is the action normal, anomalous, or recovery? If anomalous, identify all applicable types: temporal, spatial, handling, wrong part, wrong tool, procedural.","{""phase"": ""anomaly"", ""anomaly_types"": [""spatial"", ""handling""]}",sufficient,,,,
LE06AS03_Disassembly_B_005_ego__right__0048__open_0,LE06AS03_Disassembly_B_005_ego__right__0048,open,pilot,What did I do with the screwdriver after rotating it against the silver component?,I released the screwdriver and placed it on the table surface.,pass,,,,
LE06AS03_Disassembly_B_005_ego__right__0048__category,LE06AS03_Disassembly_B_005_ego__right__0048,category,pilot,"For my right hand performing 'tighten screw' in the specified interval, is the action normal, anomalous, or recovery? If anomalous, identify all applicable types: temporal, spatial, handling, wrong part, wrong tool, procedural.","{""phase"": ""anomaly"", ""anomaly_types"": [""spatial"", ""procedural""]}",sufficient,,,,
LE06AS03_Reassembly_A_003_ego__right__0140__open_0,LE06AS03_Reassembly_A_003_ego__right__0140,open,pilot,What did I do with the small black component using my right hand?,"I picked it up, moved it to the tool body, and placed it on the side.",pass,,,,
LE06AS03_Reassembly_A_003_ego__right__0140__category,LE06AS03_Reassembly_A_003_ego__right__0140,category,pilot,"For my right hand performing 'place lever' in the specified interval, is the action normal, anomalous, or recovery? If anomalous, identify all applicable types: temporal, spatial, handling, wrong part, wrong tool, procedural.","{""phase"": ""anomaly"", ""anomaly_types"": [""spatial"", ""procedural""]}",sufficient,,,,
LE07UF17_Disassembly_A_001_ego__right__0079__open_0,LE07UF17_Disassembly_A_001_ego__right__0079,open,pilot,What did I do with the green-handled screwdriver tip?,I positioned the tip against a screw on the black object and maintained steady contact.,pass,,,,
LE07UF17_Disassembly_A_001_ego__right__0079__category,LE07UF17_Disassembly_A_001_ego__right__0079,category,pilot,"For my right hand performing 'align screw' in the specified interval, is the action normal, anomalous, or recovery? If anomalous, identify all applicable types: temporal, spatial, handling, wrong part, wrong tool, procedural.","{""phase"": ""recovery"", ""anomaly_types"": []}",sufficient,,,,
LE07UF17_Disassembly_A_002_ego__right__0057__open_0,LE07UF17_Disassembly_A_002_ego__right__0057,open,pilot,Where did I place the small black component with my right hand?,I placed it into the second orange bin labeled 'Box 2'.,pass,,,,
LE07UF17_Disassembly_A_002_ego__right__0057__category,LE07UF17_Disassembly_A_002_ego__right__0057,category,pilot,"For my right hand performing 'store lever' in the specified interval, is the action normal, anomalous, or recovery? If anomalous, identify all applicable types: temporal, spatial, handling, wrong part, wrong tool, procedural.","{""phase"": ""anomaly"", ""anomaly_types"": [""temporal"", ""wrong_tool""]}",sufficient,,,,
LE07UF17_Disassembly_A_003_ego__right__0043__open_0,LE07UF17_Disassembly_A_003_ego__right__0043,open,pilot,What did I do with the screwdriver tip while holding the black component?,I kept the screwdriver tip in contact with the black component on the table surface.,reject,,,,
LE07UF17_Disassembly_A_003_ego__right__0043__category,LE07UF17_Disassembly_A_003_ego__right__0043,category,pilot,"For my right hand performing 'place lever' in the specified interval, is the action normal, anomalous, or recovery? If anomalous, identify all applicable types: temporal, spatial, handling, wrong part, wrong tool, procedural.","{""phase"": ""anomaly"", ""anomaly_types"": [""temporal"", ""spatial""]}",limited,,,,
LE07UF17_Reassembly_A_004_ego__right__0063__open_0,LE07UF17_Reassembly_A_004_ego__right__0063,open,pilot,What did I do with the screwdriver on the instruction sheet?,"I grasped the screwdriver, lifted it vertically, and moved it away from the surface.",pass,,,,
LE07UF17_Reassembly_A_004_ego__right__0063__category,LE07UF17_Reassembly_A_004_ego__right__0063,category,pilot,"For my right hand performing 'pick up torx screwdriver' in the specified interval, is the action normal, anomalous, or recovery? If anomalous, identify all applicable types: temporal, spatial, handling, wrong part, wrong tool, procedural.","{""phase"": ""normal"", ""anomaly_types"": []}",sufficient,,,,
LE07UF17_Reassembly_B_005_ego__right__0047__open_0,LE07UF17_Reassembly_B_005_ego__right__0047,open,pilot,What part of the angle grinder did I grasp with my right hand?,I grasped the rear housing of the angle grinder.,reject,,,,
LE07UF17_Reassembly_B_005_ego__right__0047__category,LE07UF17_Reassembly_B_005_ego__right__0047,category,pilot,"For my right hand performing 'hold gearbox housing drive shaft' in the specified interval, is the action normal, anomalous, or recovery? If anomalous, identify all applicable types: temporal, spatial, handling, wrong part, wrong tool, procedural.","{""phase"": ""anomaly"", ""anomaly_types"": [""temporal"", ""handling""]}",sufficient,,,,
MA07LF04_Reassembly_A_002_ego__right__0159__open_0,MA07LF04_Reassembly_A_002_ego__right__0159,open,pilot,What did I do with the small metal screw on the gray mat?,"I grasped the screw with my fingertips, lifted it, and held it in a pinch grip near the black tool.",pass,,,,
MA07LF04_Reassembly_A_002_ego__right__0159__category,MA07LF04_Reassembly_A_002_ego__right__0159,category,pilot,"For my right hand performing 'pick up screw' in the specified interval, is the action normal, anomalous, or recovery? If anomalous, identify all applicable types: temporal, spatial, handling, wrong part, wrong tool, procedural.","{""phase"": ""recovery"", ""anomaly_types"": []}",sufficient,,,,
MA07LF04_Reassembly_A_003_ego__left__0048__open_0,MA07LF04_Reassembly_A_003_ego__left__0048,open,pilot,What object did I pick up from the orange bin with my left hand?,I picked up a small metallic fastener from the bin labeled 'Box 3'.,revise,,,,
MA07LF04_Reassembly_A_003_ego__left__0048__category,MA07LF04_Reassembly_A_003_ego__left__0048,category,pilot,"For my left hand performing 'pick up screw' in the specified interval, is the action normal, anomalous, or recovery? If anomalous, identify all applicable types: temporal, spatial, handling, wrong part, wrong tool, procedural.","{""phase"": ""anomaly"", ""anomaly_types"": [""temporal"", ""procedural""]}",sufficient,,,,
NA07GE21_Disassembly_A_001_ego__right__0157__open_0,NA07GE21_Disassembly_A_001_ego__right__0157,open,pilot,What did I do with the screwdriver tip over the instruction sheet?,I moved the screwdriver tip across the printed diagram on the sheet.,pass,,,,
NA07GE21_Disassembly_A_001_ego__right__0157__category,NA07GE21_Disassembly_A_001_ego__right__0157,category,pilot,"For my right hand performing 'pick up phillips screwdriver' in the specified interval, is the action normal, anomalous, or recovery? If anomalous, identify all applicable types: temporal, spatial, handling, wrong part, wrong tool, procedural.","{""phase"": ""recovery"", ""anomaly_types"": []}",sufficient,,,,
NA07GE21_Disassembly_A_003_ego__left__0007__open_0,NA07GE21_Disassembly_A_003_ego__left__0007,open,pilot,What did I do with the black motor housing using my left hand?,I held the black motor housing steady on the table and maintained a static grip without releasing it.,pass,,,,
NA07GE21_Disassembly_A_003_ego__left__0007__category,NA07GE21_Disassembly_A_003_ego__left__0007,category,pilot,"For my left hand performing 'place gearbox housing drive shaft' in the specified interval, is the action normal, anomalous, or recovery? If anomalous, identify all applicable types: temporal, spatial, handling, wrong part, wrong tool, procedural.","{""phase"": ""anomaly"", ""anomaly_types"": [""spatial"", ""wrong_part""]}",limited,,,,
NA07GE21_Reassembly_A_002_ego__right__0107__open_0,NA07GE21_Reassembly_A_002_ego__right__0107,open,pilot,What did I do with the orange-handled screwdriver on the table?,I grasped the screwdriver lying on the table and lifted it off the surface.,pass,,,,
NA07GE21_Reassembly_A_002_ego__right__0107__category,NA07GE21_Reassembly_A_002_ego__right__0107,category,pilot,"For my right hand performing 'pick up torx screwdriver' in the specified interval, is the action normal, anomalous, or recovery? If anomalous, identify all applicable types: temporal, spatial, handling, wrong part, wrong tool, procedural.","{""phase"": ""recovery"", ""anomaly_types"": []}",sufficient,,,,
NA07GE21_Reassembly_A_004_ego__right__0067__open_0,NA07GE21_Reassembly_A_004_ego__right__0067,open,pilot,What did my right hand do to the motor housing during the sequence?,It held the motor housing steady and maintained a static gripping position on the motor body.,reject,,,,
NA07GE21_Reassembly_A_004_ego__right__0067__category,NA07GE21_Reassembly_A_004_ego__right__0067,category,pilot,"For my right hand performing 'insert screw' in the specified interval, is the action normal, anomalous, or recovery? If anomalous, identify all applicable types: temporal, spatial, handling, wrong part, wrong tool, procedural.","{""phase"": ""normal"", ""anomaly_types"": []}",sufficient,,,,
SS07EL13_Disassembly_A_004_ego__right__0083__open_0,SS07EL13_Disassembly_A_004_ego__right__0083,open,pilot,Where did I place the wrench with my right hand?,I placed the wrench onto the grey mat.,pass,,,,
SS07EL13_Disassembly_A_004_ego__right__0083__category,SS07EL13_Disassembly_A_004_ego__right__0083,category,pilot,"For my right hand performing 'place combination wrench' in the specified interval, is the action normal, anomalous, or recovery? If anomalous, identify all applicable types: temporal, spatial, handling, wrong part, wrong tool, procedural.","{""phase"": ""anomaly"", ""anomaly_types"": [""spatial"", ""wrong_tool""]}",sufficient,,,,
SS07EL13_Disassembly_B_005_ego__right__0059__open_0,SS07EL13_Disassembly_B_005_ego__right__0059,open,pilot,What did I do with the tool body before inserting the screwdriver?,I rotated the tool body to orient the side with the screw hole towards the camera.,reject,,,,
SS07EL13_Disassembly_B_005_ego__right__0059__category,SS07EL13_Disassembly_B_005_ego__right__0059,category,pilot,"For my right hand performing 'flip gearbox housing drive shaft' in the specified interval, is the action normal, anomalous, or recovery? If anomalous, identify all applicable types: temporal, spatial, handling, wrong part, wrong tool, procedural.","{""phase"": ""anomaly"", ""anomaly_types"": [""temporal"", ""spatial"", ""procedural""]}",limited,,,,
SS07EL13_Reassembly_A_002_ego__left__0005__open_0,SS07EL13_Reassembly_A_002_ego__left__0005,open,pilot,What did I do with the angle grinder body using my left hand?,I held the angle grinder body steady throughout the observed interval.,pass,,,,
SS07EL13_Reassembly_A_002_ego__left__0005__category,SS07EL13_Reassembly_A_002_ego__left__0005,category,pilot,"For my left hand performing 'insert drive shaft' in the specified interval, is the action normal, anomalous, or recovery? If anomalous, identify all applicable types: temporal, spatial, handling, wrong part, wrong tool, procedural.","{""phase"": ""recovery"", ""anomaly_types"": []}",limited,,,,
SS07EL13_Reassembly_B_005_ego__left__0023__open_0,SS07EL13_Reassembly_B_005_ego__left__0023,open,pilot,What did I do with the black circular guard on the angle grinder?,"I pulled the guard away from the grinder, separating the components, and held it detached.",pass,,,,
SS07EL13_Reassembly_B_005_ego__left__0023__category,SS07EL13_Reassembly_B_005_ego__left__0023,category,pilot,"For my left hand performing 'dismount adapter plate' in the specified interval, is the action normal, anomalous, or recovery? If anomalous, identify all applicable types: temporal, spatial, handling, wrong part, wrong tool, procedural.","{""phase"": ""anomaly"", ""anomaly_types"": [""temporal"", ""procedural""]}",sufficient,,,,
TO08CO25_Disassembly_A_002_ego__left__0026__open_0,TO08CO25_Disassembly_A_002_ego__left__0026,open,pilot,What did I do with the screwdriver tip using my left hand?,I inserted the screwdriver tip into a screw hole on the motor housing.,pass,,,,
TO08CO25_Disassembly_A_002_ego__left__0026__open_1,TO08CO25_Disassembly_A_002_ego__left__0026,open,pilot,How did I manipulate the screwdriver handle with my left hand?,I rotated the screwdriver handle to drive the screw.,reject,,,,
TO08CO25_Disassembly_A_002_ego__left__0026__category,TO08CO25_Disassembly_A_002_ego__left__0026,category,pilot,"For my left hand performing 'attach screw' in the specified interval, is the action normal, anomalous, or recovery? If anomalous, identify all applicable types: temporal, spatial, handling, wrong part, wrong tool, procedural.","{""phase"": ""anomaly"", ""anomaly_types"": [""wrong_tool""]}",limited,,,,
TO08CO25_Disassembly_A_003_ego__left__0032__open_0,TO08CO25_Disassembly_A_003_ego__left__0032,open,pilot,What object did my left hand grasp and lift from the table?,My left hand grasped and lifted a green-handled screwdriver from the table surface.,pass,,,,
TO08CO25_Disassembly_A_003_ego__left__0032__category,TO08CO25_Disassembly_A_003_ego__left__0032,category,pilot,"For my left hand performing 'pick up torx screwdriver' in the specified interval, is the action normal, anomalous, or recovery? If anomalous, identify all applicable types: temporal, spatial, handling, wrong part, wrong tool, procedural.","{""phase"": ""anomaly"", ""anomaly_types"": [""temporal"", ""wrong_tool""]}",sufficient,,,,
TO08CO25_Disassembly_A_004_ego__left__0027__open_0,TO08CO25_Disassembly_A_004_ego__left__0027,open,pilot,What did I do with the small green object from the orange bin?,I moved it from the bin to the grey mat and placed it on the surface.,pass,,,,
TO08CO25_Disassembly_A_004_ego__left__0027__category,TO08CO25_Disassembly_A_004_ego__left__0027,category,pilot,"For my left hand performing 'store screw' in the specified interval, is the action normal, anomalous, or recovery? If anomalous, identify all applicable types: temporal, spatial, handling, wrong part, wrong tool, procedural.","{""phase"": ""anomaly"", ""anomaly_types"": [""temporal"", ""spatial""]}",sufficient,,,,
TO08CO25_Reassembly_A_003_ego__left__0005__open_0,TO08CO25_Reassembly_A_003_ego__left__0005,open,pilot,What did I do with the drive shaft using my left hand?,I maintained a static grip on the drive shaft throughout the sequence.,pass,,,,
TO08CO25_Reassembly_A_003_ego__left__0005__category,TO08CO25_Reassembly_A_003_ego__left__0005,category,pilot,"For my left hand performing 'hand spin drive shaft' in the specified interval, is the action normal, anomalous, or recovery? If anomalous, identify all applicable types: temporal, spatial, handling, wrong part, wrong tool, procedural.","{""phase"": ""anomaly"", ""anomaly_types"": [""handling""]}",limited,,,,
TO08CO25_Reassembly_A_004_ego__left__0059__open_0,TO08CO25_Reassembly_A_004_ego__left__0059,open,pilot,What did I do with the screwdriver tip on the black component?,I inserted the screwdriver tip into a screw slot on the black component.,pass,,,,
TO08CO25_Reassembly_A_004_ego__left__0059__category,TO08CO25_Reassembly_A_004_ego__left__0059,category,pilot,"For my left hand performing 'align screw' in the specified interval, is the action normal, anomalous, or recovery? If anomalous, identify all applicable types: temporal, spatial, handling, wrong part, wrong tool, procedural.","{""phase"": ""normal"", ""anomaly_types"": []}",sufficient,,,,
TO08CO25_Reassembly_B_005_ego__left__0019__open_0,TO08CO25_Reassembly_B_005_ego__left__0019,open,pilot,What did I do with the metallic housing using my left hand?,I held the metallic housing steady to stabilize the object.,pass,,,,
TO08CO25_Reassembly_B_005_ego__left__0019__category,TO08CO25_Reassembly_B_005_ego__left__0019,category,pilot,"For my left hand performing 'insert screw' in the specified interval, is the action normal, anomalous, or recovery? If anomalous, identify all applicable types: temporal, spatial, handling, wrong part, wrong tool, procedural.","{""phase"": ""recovery"", ""anomaly_types"": []}",limited,,,,
