qa_id,form,question,answer,decision,reason_zh,human_review_status
AL07EJ17_Reassembly_A_002_front__adapter_done__state_v10_2_0,open,Had I correctly installed the adapter plate by the end?,"Yes, the adapter plate was correctly installed by the end of the segment.",retain_candidate,状态与安装末段相符，可保留为基本完成题；画面不能证明扭矩等工程要求。,pending_human_review
AL07EJ17_Reassembly_A_002_front__adapter_done__state_v10_2_1,open,"Had I installed the gearbox housing before starting to attach the adapter plate, as shown in the supplied guide?","Yes, the gearbox housing was correctly installed before I started attaching the adapter plate.",revise_action_scope,把壳体的ASR状态译成“安装壳体”缺少动作关系依据；TAS-S与概览显示该阶段实际安装转子组件。,pending_human_review
AL07EJ17_Reassembly_A_002_front__bearing_done__state_v10_2_0,open,Had I correctly installed the bearing plate by the end?,"Yes, the bearing plate was correctly installed by the end of the segment.",hold_visual_evidence,ASR支持state=1，末段显示停止拧紧并移开工具；细小接合面仍遮挡，不能独立确认“正确安装”的完整视觉依据。,pending_human_review
AL07EJ17_Reassembly_A_002_front__bearing_done__state_v10_2_1,open,"Had I installed the adapter plate before starting to insert the bearing plate, as shown in the supplied guide?","Yes, the adapter plate was correctly installed before I started inserting the bearing plate.",retain_candidate,源状态及时间线支持适配板先于轴承板；只支持与给定图示一致，不证明该顺序唯一合法。,pending_human_review
AL07EJ17_Reassembly_A_002_front__bearing_incomplete__state_v10_2_0,open,Had I correctly installed the bearing plate by the end?,"No, the bearing plate was not correctly installed by the end.",revise_task_scope,ASR=-1与原答案数值对应，但此时仍在安装；建议改成截至末帧是否完成，不能自动升级为操作错误。,pending_human_review
AL07EJ17_Reassembly_A_002_front__bearing_incomplete__state_v10_2_1,open,"Had I installed the adapter plate before starting to insert the bearing plate, as shown in the supplied guide?","Yes, the adapter plate was correctly installed before I started inserting the bearing plate.",deduplicate,与同一trial的bearing_done顺序题具有相同问句、答案及状态断言；窗口不同但事件事实重复。,pending_human_review
AL07EJ17_Reassembly_A_002_front__handle_done__state_v10_2_0,open,Had I correctly installed the anti-vibration handle into the gearbox housing by the end?,"Yes, the anti-vibration handle was correctly installed into the gearbox housing by the end.",retain_candidate,末段可见旋拧侧手柄及连接结果，与ASR和已有壳体关系解释一致；不证明规定扭矩。,pending_human_review
AL07EJ17_Reassembly_A_002_front__handle_done__state_v10_2_1__agent_scope_revision,open,"Had I installed the locking lever before starting to screw on the anti-vibration handle, as shown in the supplied guide?","Yes, the locking lever was correctly installed before I started to screw on the anti-vibration handle.",retain_candidate,已修订为单个locking lever，源状态与实际时间线支持其先于手柄；不能扩大为整套组件均正确。,pending_human_review
AL07EJ17_Reassembly_A_003_front__adapter_done__state_v10_2_0,open,Had I correctly installed the adapter plate by the end?,"Yes, the adapter plate was correctly installed by the end of the segment.",retain_candidate,状态与安装末段相符，可保留为基本完成题；画面不能证明扭矩等工程要求。,pending_human_review
AL07EJ17_Reassembly_A_003_front__adapter_done__state_v10_2_1,open,"Had I installed the gearbox housing before starting to attach the adapter plate, as shown in the supplied guide?","Yes, the gearbox housing was correctly installed before I started attaching the adapter plate.",revise_action_scope,把壳体的ASR状态译成“安装壳体”缺少动作关系依据；TAS-S与概览显示该阶段实际安装转子组件。,pending_human_review
AL07EJ17_Reassembly_A_003_front__bearing_done__state_v10_2_0,open,Had I correctly installed the bearing plate by the end?,"Yes, the bearing plate was correctly installed by the end of the segment.",hold_visual_evidence,ASR支持state=1，末段显示停止拧紧并移开工具；细小接合面仍遮挡，不能独立确认“正确安装”的完整视觉依据。,pending_human_review
AL07EJ17_Reassembly_A_003_front__bearing_done__state_v10_2_1,open,"Had I installed the adapter plate before starting to insert the bearing plate, as shown in the supplied guide?","Yes, the adapter plate was correctly installed before I started inserting the bearing plate.",retain_candidate,源状态及时间线支持适配板先于轴承板；只支持与给定图示一致，不证明该顺序唯一合法。,pending_human_review
AL07EJ17_Reassembly_A_003_front__bearing_incomplete__state_v10_2_0,open,Had I correctly installed the bearing plate by the end?,"No, the bearing plate was not correctly installed by the end.",revise_task_scope,ASR=-1与原答案数值对应，但此时仍在安装；建议改成截至末帧是否完成，不能自动升级为操作错误。,pending_human_review
AL07EJ17_Reassembly_A_003_front__bearing_incomplete__state_v10_2_1,open,"Had I installed the adapter plate before starting to insert the bearing plate, as shown in the supplied guide?","Yes, the adapter plate was correctly installed before I started inserting the bearing plate.",deduplicate,与同一trial的bearing_done顺序题具有相同问句、答案及状态断言；窗口不同但事件事实重复。,pending_human_review
AL07EJ17_Reassembly_A_003_front__handle_done__state_v10_2_0,open,Had I correctly installed the anti-vibration handle into the gearbox housing by the end?,"Yes, the anti-vibration handle was correctly installed into the gearbox housing by the end.",retain_candidate,末段可见旋拧侧手柄及连接结果，与ASR和已有壳体关系解释一致；不证明规定扭矩。,pending_human_review
AL07EJ17_Reassembly_A_003_front__handle_done__state_v10_2_1__agent_scope_revision,open,"Had I installed the locking lever before starting to screw on the anti-vibration handle, as shown in the supplied guide?","Yes, the locking lever was correctly installed before I started to screw on the anti-vibration handle.",retain_candidate,已修订为单个locking lever，源状态与实际时间线支持其先于手柄；不能扩大为整套组件均正确。,pending_human_review
AL07EJ17_Reassembly_A_004_front__adapter_done__state_v10_2_0,open,Had I correctly installed the adapter plate by the end?,"Yes, the adapter plate was correctly installed by the end of the segment.",retain_candidate,状态与安装末段相符，可保留为基本完成题；画面不能证明扭矩等工程要求。,pending_human_review
AL07EJ17_Reassembly_A_004_front__adapter_done__state_v10_2_1,open,"Had I installed the gearbox housing before starting to attach the adapter plate, as shown in the supplied guide?","Yes, the gearbox housing was correctly installed before I started attaching the adapter plate.",revise_action_scope,把壳体的ASR状态译成“安装壳体”缺少动作关系依据；TAS-S与概览显示该阶段实际安装转子组件。,pending_human_review
AL07EJ17_Reassembly_A_004_front__bearing_done__state_v10_2_0,open,Had I correctly installed the bearing plate by the end?,"Yes, the bearing plate was correctly installed by the end of the segment.",hold_visual_evidence,ASR支持state=1，末段显示停止拧紧并移开工具；细小接合面仍遮挡，不能独立确认“正确安装”的完整视觉依据。,pending_human_review
AL07EJ17_Reassembly_A_004_front__bearing_done__state_v10_2_1,open,"Had I installed the adapter plate before starting to insert the bearing plate assembly, as shown in the supplied guide?","Yes, the adapter plate was correctly installed before I started inserting the bearing plate assembly.",retain_candidate,源状态及时间线支持适配板先于轴承板；只支持与给定图示一致，不证明该顺序唯一合法。,pending_human_review
AL07EJ17_Reassembly_A_004_front__bearing_incomplete__state_v10_2_0,open,Had I correctly installed the bearing plate by the end?,"No, the bearing plate was not correctly installed by the end.",revise_task_scope,ASR=-1与原答案数值对应，但此时仍在安装；建议改成截至末帧是否完成，不能自动升级为操作错误。,pending_human_review
AL07EJ17_Reassembly_A_004_front__bearing_incomplete__state_v10_2_1,open,"Had I installed the adapter plate before starting to insert the bearing plate assembly, as shown in the supplied guide?","Yes, the adapter plate was correctly installed before I started inserting the bearing plate assembly.",deduplicate,与同一trial的bearing_done顺序题具有相同问句、答案及状态断言；窗口不同但事件事实重复。,pending_human_review
AL07EJ17_Reassembly_A_004_front__handle_done__state_v10_2_0,open,Had I correctly installed the anti-vibration handle into the gearbox housing by the end?,"Yes, the anti-vibration handle was correctly installed into the gearbox housing by the end.",retain_candidate,末段可见旋拧侧手柄及连接结果，与ASR和已有壳体关系解释一致；不证明规定扭矩。,pending_human_review
AL07EJ17_Reassembly_A_004_front__handle_done__state_v10_2_1__agent_scope_revision,open,"Had I installed the locking lever before starting to screw on the anti-vibration handle, as shown in the supplied guide?","Yes, the locking lever was correctly installed before I started to screw on the anti-vibration handle.",retain_candidate,已修订为单个locking lever，源状态与实际时间线支持其先于手柄；不能扩大为整套组件均正确。,pending_human_review
AL07EJ17_Reassembly_A_002_front__adapter_done__asr_mcq_v10_1,mcq,What was the installation status of the adapter plate at the end of this segment?,Correctly installed.,retain_candidate,三选项互斥且答案与ASR一致，末段可支持基本完成候选；不提供具体异常机制。,pending_human_review
AL07EJ17_Reassembly_A_002_front__bearing_incomplete__asr_mcq_v10_1,mcq,What was the installation status of the bearing plate at the end of this segment?,Incorrectly installed.,hold_anomaly_semantics,Incorrectly installed是ASR=-1的忠实映射，但画面显示安装仍进行，不能据此断言发生了具体操作错误。,pending_human_review
AL07EJ17_Reassembly_A_002_front__bearing_done__asr_mcq_v10_1,mcq,What was the installation status of the bearing plate at the end of this segment?,Correctly installed.,hold_visual_evidence,答案忠实于ASR=1，但当前视角不足以独立检验细部安装正确性。,pending_human_review
AL07EJ17_Reassembly_A_002_front__handle_done__asr_mcq_v10_1,mcq,What was the installation status of the anti vibration handle at the end of this segment?,Correctly installed.,retain_candidate,ASR=1且可见手柄连接结果，可保留作原生状态识别候选。,pending_human_review
AL07EJ17_Reassembly_A_003_front__adapter_done__asr_mcq_v10_1,mcq,What was the installation status of the adapter plate at the end of this segment?,Correctly installed.,retain_candidate,三选项互斥且答案与ASR一致，末段可支持基本完成候选；不提供具体异常机制。,pending_human_review
AL07EJ17_Reassembly_A_003_front__bearing_incomplete__asr_mcq_v10_1,mcq,What was the installation status of the bearing plate at the end of this segment?,Incorrectly installed.,hold_anomaly_semantics,Incorrectly installed是ASR=-1的忠实映射，但画面显示安装仍进行，不能据此断言发生了具体操作错误。,pending_human_review
AL07EJ17_Reassembly_A_003_front__bearing_done__asr_mcq_v10_1,mcq,What was the installation status of the bearing plate at the end of this segment?,Correctly installed.,hold_visual_evidence,答案忠实于ASR=1，但当前视角不足以独立检验细部安装正确性。,pending_human_review
AL07EJ17_Reassembly_A_003_front__handle_done__asr_mcq_v10_1,mcq,What was the installation status of the anti vibration handle at the end of this segment?,Correctly installed.,retain_candidate,ASR=1且可见手柄连接结果，可保留作原生状态识别候选。,pending_human_review
AL07EJ17_Reassembly_A_004_front__adapter_done__asr_mcq_v10_1,mcq,What was the installation status of the adapter plate at the end of this segment?,Correctly installed.,retain_candidate,三选项互斥且答案与ASR一致，末段可支持基本完成候选；不提供具体异常机制。,pending_human_review
AL07EJ17_Reassembly_A_004_front__bearing_incomplete__asr_mcq_v10_1,mcq,What was the installation status of the bearing plate at the end of this segment?,Incorrectly installed.,hold_anomaly_semantics,Incorrectly installed是ASR=-1的忠实映射，但画面显示安装仍进行，不能据此断言发生了具体操作错误。,pending_human_review
AL07EJ17_Reassembly_A_004_front__bearing_done__asr_mcq_v10_1,mcq,What was the installation status of the bearing plate at the end of this segment?,Correctly installed.,hold_visual_evidence,答案忠实于ASR=1，但当前视角不足以独立检验细部安装正确性。,pending_human_review
AL07EJ17_Reassembly_A_004_front__handle_done__asr_mcq_v10_1,mcq,What was the installation status of the anti vibration handle at the end of this segment?,Correctly installed.,retain_candidate,ASR=1且可见手柄连接结果，可保留作原生状态识别候选。,pending_human_review
