group,total,kept,discarded,retention_rate
AL07EJ17_Disassembly_A_001,8,4,4,0.5
AL07EJ17_Disassembly_A_002,10,6,4,0.6
AL07EJ17_Disassembly_A_003,6,4,2,0.6666666666666666
AL07EJ17_Disassembly_A_004,7,5,2,0.7142857142857143
AL07EJ17_Disassembly_B_005,18,12,6,0.6666666666666666
AL07EJ17_Reassembly_A_002,16,8,8,0.5
AL07EJ17_Reassembly_A_003,11,7,4,0.6363636363636364
AL07EJ17_Reassembly_A_004,14,11,3,0.7857142857142857
AL07EJ17_Reassembly_B_005,10,8,2,0.8
ER07AD15_Disassembly_A_001,13,4,9,0.3076923076923077
ER07AD15_Disassembly_A_002,11,5,6,0.45454545454545453
ER07AD15_Disassembly_A_003,10,4,6,0.4
ER07AD15_Disassembly_A_004,9,2,7,0.2222222222222222
ER07AD15_Reassembly_A_001,9,2,7,0.2222222222222222
ER07AD15_Reassembly_A_002,9,2,7,0.2222222222222222
ER07AD15_Reassembly_A_003,10,5,5,0.5
ER07AD15_Reassembly_A_004,6,2,4,0.3333333333333333
ER10WE06_Disassembly_A_001,10,9,1,0.9
ER10WE06_Disassembly_A_002,5,2,3,0.4
ER10WE06_Disassembly_A_003,7,3,4,0.42857142857142855
ER10WE06_Disassembly_A_004,5,2,3,0.4
ER10WE06_Disassembly_B_005,26,13,13,0.5
ER10WE06_Reassembly_A_001,16,10,6,0.625
ER10WE06_Reassembly_A_002,8,5,3,0.625
ER10WE06_Reassembly_A_003,6,4,2,0.6666666666666666
ER10WE06_Reassembly_A_004,3,2,1,0.6666666666666666
ER10WE06_Reassembly_B_005,9,3,6,0.3333333333333333
KE03ER16_Disassembly_A_001,13,4,9,0.3076923076923077
KE03ER16_Disassembly_A_002,13,8,5,0.6153846153846154
KE03ER16_Disassembly_A_003,15,8,7,0.5333333333333333
KE03ER16_Disassembly_A_004,16,9,7,0.5625
KE03ER16_Reassembly_A_001,12,5,7,0.4166666666666667
KE03ER16_Reassembly_A_002,19,13,6,0.6842105263157895
KE03ER16_Reassembly_A_003,7,3,4,0.42857142857142855
KE03ER16_Reassembly_A_004,10,4,6,0.4
KI03AR28_Disassembly_A_001,22,5,17,0.22727272727272727
KI03AR28_Disassembly_A_002,24,10,14,0.4166666666666667
KI03AR28_Disassembly_A_003,16,4,12,0.25
KI03AR28_Disassembly_A_004,12,7,5,0.5833333333333334
KI03AR28_Disassembly_B_005,22,9,13,0.4090909090909091
KI03AR28_Reassembly_A_001,10,7,3,0.7
KI03AR28_Reassembly_A_003,19,8,11,0.42105263157894735
KI03AR28_Reassembly_A_004,19,9,10,0.47368421052631576
KI03AR28_Reassembly_B_005,50,39,11,0.78
KI05KO01_Disassembly_A_001,15,14,1,0.9333333333333333
KI05KO01_Disassembly_A_002,8,3,5,0.375
KI05KO01_Disassembly_A_003,16,8,8,0.5
KI05KO01_Disassembly_A_004,6,4,2,0.6666666666666666
KI05KO01_Disassembly_B_005,23,18,5,0.782608695652174
KI05KO01_Reassembly_A_001,6,6,0,1.0
KI05KO01_Reassembly_A_003,18,11,7,0.6111111111111112
KI05KO01_Reassembly_A_004,7,3,4,0.42857142857142855
KI05KO01_Reassembly_B_005,18,11,7,0.6111111111111112
KJ03JM25_Disassembly_A_003,14,8,6,0.5714285714285714
KJ03JM25_Disassembly_A_004,22,12,10,0.5454545454545454
KJ03JM25_Reassembly_A_002,9,6,3,0.6666666666666666
KJ03JM25_Reassembly_A_003,10,4,6,0.4
KJ03JM25_Reassembly_A_004,21,14,7,0.6666666666666666
LE06AS03_Disassembly_A_001,86,73,13,0.8488372093023255
LE06AS03_Disassembly_A_002,27,18,9,0.6666666666666666
LE06AS03_Disassembly_A_003,9,6,3,0.6666666666666666
LE06AS03_Disassembly_A_004,19,13,6,0.6842105263157895
LE06AS03_Disassembly_B_005,20,15,5,0.75
LE06AS03_Reassembly_A_001,92,73,19,0.7934782608695652
LE06AS03_Reassembly_A_002,39,35,4,0.8974358974358975
LE06AS03_Reassembly_A_003,13,9,4,0.6923076923076923
LE06AS03_Reassembly_A_004,25,11,14,0.44
LE06AS03_Reassembly_B_005,26,24,2,0.9230769230769231
LE07UF17_Disassembly_A_001,10,7,3,0.7
LE07UF17_Disassembly_A_002,15,8,7,0.5333333333333333
LE07UF17_Disassembly_A_003,17,10,7,0.5882352941176471
LE07UF17_Disassembly_A_004,8,4,4,0.5
LE07UF17_Disassembly_B_005,20,12,8,0.6
LE07UF17_Reassembly_A_001,41,33,8,0.8048780487804879
LE07UF17_Reassembly_A_002,21,16,5,0.7619047619047619
LE07UF17_Reassembly_A_003,11,8,3,0.7272727272727273
LE07UF17_Reassembly_A_004,6,5,1,0.8333333333333334
LE07UF17_Reassembly_B_005,17,16,1,0.9411764705882353
MA07LF04_Disassembly_A_001,67,44,23,0.6567164179104478
MA07LF04_Disassembly_A_003,20,6,14,0.3
MA07LF04_Disassembly_A_004,26,14,12,0.5384615384615384
MA07LF04_Disassembly_B_005,34,25,9,0.7352941176470589
MA07LF04_Reassembly_A_001,80,46,34,0.575
MA07LF04_Reassembly_A_002,38,16,22,0.42105263157894735
MA07LF04_Reassembly_A_003,22,16,6,0.7272727272727273
MA07LF04_Reassembly_B_005,64,52,12,0.8125
NA07GE21_Disassembly_A_001,10,8,2,0.8
NA07GE21_Disassembly_A_002,10,2,8,0.2
NA07GE21_Disassembly_A_003,8,1,7,0.125
NA07GE21_Disassembly_A_004,7,0,7,0.0
NA07GE21_Reassembly_A_001,28,14,14,0.5
NA07GE21_Reassembly_A_002,8,5,3,0.625
NA07GE21_Reassembly_A_003,6,2,4,0.3333333333333333
NA07GE21_Reassembly_A_004,4,3,1,0.75
NA07GE21_Reassembly_B_005,2,1,1,0.5
SS07EL13_Disassembly_A_001,26,14,12,0.5384615384615384
SS07EL13_Disassembly_A_002,10,6,4,0.6
SS07EL13_Disassembly_A_003,15,5,10,0.3333333333333333
SS07EL13_Disassembly_A_004,11,4,7,0.36363636363636365
SS07EL13_Disassembly_B_005,19,11,8,0.5789473684210527
SS07EL13_Reassembly_A_001,31,15,16,0.4838709677419355
SS07EL13_Reassembly_A_002,8,2,6,0.25
SS07EL13_Reassembly_A_004,20,7,13,0.35
SS07EL13_Reassembly_B_005,26,15,11,0.5769230769230769
TO08CO25_Disassembly_A_002,13,8,5,0.6153846153846154
TO08CO25_Disassembly_A_003,14,9,5,0.6428571428571429
TO08CO25_Disassembly_A_004,19,12,7,0.631578947368421
TO08CO25_Disassembly_B_005,19,8,11,0.42105263157894735
TO08CO25_Reassembly_A_002,6,4,2,0.6666666666666666
TO08CO25_Reassembly_A_003,6,2,4,0.3333333333333333
TO08CO25_Reassembly_A_004,5,2,3,0.4
TO08CO25_Reassembly_B_005,9,3,6,0.3333333333333333
